时间,商品名称,库存变化,单笔销量
2026-10-07 16:16:52,大陆地址-YONGSEUNG影通,初始库存：10000,0
2026-10-07 16:16:56,非大陆地址-YONGSEUNG影通,初始库存：10000,0
2026-10-08 09:25:46,大陆地址-YONGSEUNG影通,10000 -> 9999,1
2026-10-08 10:10:10,大陆地址-YONGSEUNG影通,9999 -> 10000,-1
2026-10-09 11:16:20,非大陆地址-YONGSEUNG影通,10000 -> 9995,5
2026-10-09 12:23:10,大陆地址-YONGSEUNG影通,10000 -> 9994,6
2026-10-09 13:27:44,非大陆地址-YONGSEUNG影通,9995 -> 9994,1
2026-10-09 14:03:59,大陆地址-YONGSEUNG影通,9994 -> 9972,22
2026-10-09 15:00:55,大陆地址-YONGSEUNG影通,9972 -> 9950,22
2026-10-09 15:26:07,大陆地址-YONGSEUNG影通,9950 -> 9938,12
2026-10-09 20:45:13,大陆地址-YONGSEUNG影通,9938 -> 9935,3
2026-10-09 20:48:14,非大陆地址-YONGSEUNG影通,9994 -> 9989,5
2026-10-09 22:22:33,非大陆地址-YONGSEUNG影通,9989 -> 9981,8
2026-10-09 23:31:59,大陆地址-YONGSEUNG影通,9935 -> 9933,2
2026-10-09 23:43:18,非大陆地址-YONGSEUNG影通,9981 -> 9973,8
2026-10-09 23:45:50,非大陆地址-YONGSEUNG影通,9973 -> 9965,8
2026-10-09 23:46:54,非大陆地址-YONGSEUNG影通,9965 -> 9973,-8
2026-10-09 23:47:17,非大陆地址-YONGSEUNG影通,9973 -> 9968,5
